,estados,densidad de poblacion,edad mediana,edad mediana hombres,edad mediana mujeres,poblacion a mitad de ano,poblacion de 0 a 4 anos,poblacion de 0 a 4 anos. hombres,poblacion de 0 a 4 anos. mujeres,poblacion de 10 a 14 anos,poblacion de 10 a 14 anos. hombres,poblacion de 10 a 14 anos. mujeres,poblacion de 100 anos y mas,poblacion de 100 anos y mas. hombres,poblacion de 100 anos y mas. mujeres,poblacion de 15 a 19 anos,poblacion de 15 a 19 anos. hombres,poblacion de 15 a 19 anos. mujeres,poblacion de 20 a 24 anos,poblacion de 20 a 24 anos. hombres,poblacion de 20 a 24 anos. mujeres,poblacion de 25 a 29 anos,poblacion de 25 a 29 anos. hombres,poblacion de 25 a 29 anos. mujeres,poblacion de 30 a 34 anos,poblacion de 30 a 34 anos. hombres,poblacion de 30 a 34 anos. mujeres,poblacion de 35 a 39 anos,poblacion de 35 a 39 anos. hombres,poblacion de 35 a 39 anos. mujeres,poblacion de 40 a 44 anos,poblacion de 40 a 44 anos. hombres,poblacion de 40 a 44 anos. mujeres,poblacion de 45 a 49 anos,poblacion de 45 a 49 anos. hombres,poblacion de 45 a 49 anos. mujeres,poblacion de 5 a 9 anos,poblacion de 5 a 9 anos. hombres,poblacion de 5 a 9 anos. mujeres,poblacion de 50 a 54 anos,poblacion de 50 a 54 anos. hombres,poblacion de 50 a 54 anos. mujeres,poblacion de 55 a 59 anos,poblacion de 55 a 59 anos. hombres,poblacion de 55 a 59 anos. mujeres,poblacion de 60 a 64 anos,poblacion de 60 a 64 anos. hombres,poblacion de 60 a 64 anos. mujeres,poblacion de 65 a 69 anos,poblacion de 65 a 69 anos. hombres,poblacion de 65 a 69 anos. mujeres,poblacion de 70 a 74 anos,poblacion de 70 a 74 anos. hombres,poblacion de 70 a 74 anos. mujeres,poblacion de 75 a 79 anos,poblacion de 75 a 79 anos. hombres,poblacion de 75 a 79 anos. mujeres,poblacion de 80 a 84 anos,poblacion de 80 a 84 anos. hombres,poblacion de 80 a 84 anos. mujeres,poblacion de 85 a 89 anos,poblacion de 85 a 89 anos. hombres,poblacion de 85 a 89 anos. mujeres,poblacion de 90 a 94 anos,poblacion de 90 a 94 anos. hombres,poblacion de 90 a 94 anos. mujeres,poblacion de 95 a 99 anos,poblacion de 95 a 99 anos. hombres,poblacion de 95 a 99 anos. mujeres,poblacion de edad no especificada,poblacion de edad no especificada. hombres,poblacion de edad no especificada. mujeres,poblacion que se considera afrodescendiente,poblacion total,poblacion total hombres,poblacion total mujeres,porcentaje de hombres,porcentaje de hombres de 0 a 4 anos,porcentaje de hombres de 10 a 14 anos,porcentaje de hombres de 15 a 19 anos,porcentaje de hombres de 15 a 29 anos,porcentaje de hombres de 20 a 24 anos,porcentaje de hombres de 25 a 29 anos,porcentaje de hombres de 30 a 34 anos,porcentaje de hombres de 35 a 39 anos,porcentaje de hombres de 40 a 44 anos,porcentaje de hombres de 45 a 49 anos,porcentaje de hombres de 5 a 9 anos,porcentaje de hombres de 50 a 54 anos,porcentaje de hombres de 55 a 59 anos,porcentaje de hombres de 60 a 64 anos,porcentaje de hombres de 60 y mas anos,porcentaje de hombres de 65 a 69 anos,porcentaje de hombres de 70 a 74 anos,porcentaje de hombres de 75 a 79 anos,porcentaje de hombres de 80 a 84 anos,porcentaje de hombres de 85 anos y mas,porcentaje de la poblacion nacional/estatal que representa,porcentaje de mujeres,porcentaje de mujeres de 0 a 4 anos,porcentaje de mujeres de 10 a 14 anos,porcentaje de mujeres de 15 a 19 anos,porcentaje de mujeres de 15 a 29 anos,porcentaje de mujeres de 20 a 24 anos,porcentaje de mujeres de 25 a 29 anos,porcentaje de mujeres de 30 a 34 anos,porcentaje de mujeres de 35 a 39 anos,porcentaje de mujeres de 40 a 44 anos,porcentaje de mujeres de 45 a 49 anos,porcentaje de mujeres de 5 a 9 anos,porcentaje de mujeres de 50 a 54 anos,porcentaje de mujeres de 55 a 59 anos,porcentaje de mujeres de 60 a 64 anos,porcentaje de mujeres de 60 y mas anos,porcentaje de mujeres de 65 a 69 anos,porcentaje de mujeres de 70 a 74 anos,porcentaje de mujeres de 75 a 79 anos,porcentaje de mujeres de 80 a 84 anos,porcentaje de mujeres de 85 anos y mas,porcentaje de poblacion de 15 a 29 anos,porcentaje de poblacion de 60 y mas anos,porcentaje de poblacion en localidades de menos de 2 500 habitantes,porcentaje de poblacion que se considera afrodescendiente,promedio de ocupantes por dormitorio,relacion de dependencia,relacion hombres-mujeres,indice de envejecimiento
0,aguascalientes,253.862308531138,27.0,26.0,28.0,,124430.0,62978.0,61452.0,129717.0,66080.0,63637.0,112.0,36.0,76.0,131967.0,66903.0,65064.0,127020.0,63154.0,63866.0,118426.0,58141.0,60285.0,106825.0,51651.0,55174.0,99257.0,47774.0,51483.0,92378.0,43839.0,48539.0,84669.0,40163.0,44506.0,131048.0,66359.0,64689.0,74121.0,34611.0,39510.0,58865.0,27608.0,31257.0,48306.0,22435.0,25871.0,35823.0,16698.0,19125.0,25586.0,11782.0,13804.0,16581.0,7739.0,8842.0,10186.0,4397.0,5789.0,5576.0,2360.0,3216.0,2410.0,942.0,1468.0,796.0,284.0,512.0,1508.0,749.0,759.0,22425.0,1425607.0,696683.0,728924.0,48.8692185153412,4.42230490998168,4.640126845114,4.69791777116619,27.0425069043904,4.4346636013367,4.08265155723022,3.62692481351367,3.35468250451689,3.07836744495994,2.8202393232493,4.6597181797052,2.43037878686805,1.93862926664509,1.57538204857949,9.5803625056399,1.17253084230801,0.827330122414242,0.543431320434886,0.308756624363896,0.254336250499439,1.13130821058456,51.1307814846588,4.31514943834663,4.46857978272578,4.56878349047363,25.9851819299197,4.48466012545476,4.23320288828235,3.8743093001259,3.35468250451689,3.4084006800089,3.12520407640199,4.54245105150695,2.77438576952866,2.19486145275012,1.81665740935146,10.8084019418676,1.17253084230801,0.969314633322543,0.620883800915526,0.406502637808186,0.3701989819528,26.5018794339438,10.2082790592508,15.9157467661144,1.57301416168692,1.65595078673278,51.2048832384475,95.5769051368867,37.740884487078
1,baja california,52.7504586983258,30.0,30.0,30.0,,266301.0,134410.0,131891.0,312348.0,159306.0,153042.0,252.0,81.0,171.0,315639.0,161298.0,154341.0,340359.0,173450.0,166909.0,328244.0,166250.0,161994.0,302389.0,152164.0,150225.0,292069.0,148169.0,143900.0,273611.0,138332.0,135279.0,260844.0,134187.0,126657.0,299654.0,152609.0,147045.0,221388.0,112789.0,108599.0,168653.0,84778.0,83875.0,134022.0,65287.0,68735.0,94704.0,44982.0,49722.0,65425.0,30812.0,34613.0,40874.0,18833.0,22041.0,25204.0,11060.0,14144.0,12451.0,5277.0,7174.0,4858.0,1897.0,2961.0,1512.0,522.0,990.0,8219.0,4096.0,4123.0,64362.0,3769020.0,1900589.0,1868431.0,50.4266095695963,3.57397267231103,4.23595930760495,4.28892674725411,26.4170761505579,4.6120494011781,4.42060082413294,4.04605295520821,3.9398255850283,3.67825896664035,3.56804308443866,4.05788554087281,2.99906854949251,2.25425381454642,1.7359865624371,9.4253445702146,1.19607498508961,0.819293549432687,0.500770979373809,0.294086286405476,0.206791053288914,2.99095281648969,49.5733904304037,3.50699226042537,4.06939904557566,4.10393955968423,25.920824241488,4.4381236869486,4.30743344303514,3.99449478980675,3.9398255850283,3.59707945195718,3.3678197809456,3.90993833494514,2.88765611368429,2.23024297217534,1.82766915877761,10.7573963100518,1.19607498508961,0.920362444064443,0.586071956479484,0.376090093573151,0.300361545319734,26.1710736622331,10.0856705792197,6.33533385336241,1.70765875479568,1.61835759511432,42.6048586047873,101.721123231203,43.1857798504616
2,baja california sur,10.8030550741951,29.0,29.0,30.0,,62455.0,31479.0,30976.0,67665.0,34455.0,33210.0,55.0,18.0,37.0,65469.0,33788.0,31681.0,66743.0,34418.0,32325.0,68798.0,35046.0,33752.0,67779.0,34653.0,33126.0,64927.0,33289.0,31638.0,59389.0,30390.0,28999.0,51771.0,26718.0,25053.0,66933.0,33962.0,32971.0,43337.0,21910.0,21427.0,33731.0,16905.0,16826.0,27095.0,13415.0,13680.0,19274.0,9587.0,9687.0,12545.0,6165.0,6380.0,8166.0,3984.0,4182.0,4649.0,2134.0,2515.0,2556.0,1165.0,1391.0,936.0,367.0,569.0,332.0,118.0,214.0,3842.0,1913.0,1929.0,26330.0,798447.0,405879.0,392568.0,50.8335556398859,3.96159097916575,4.33611668690733,4.25217560926498,25.559576796067,4.33146028529899,4.41049326394875,4.36103472794659,4.18937711189836,3.82454175344983,3.36242535599449,4.27407328169342,2.75734484429371,2.12747214024578,1.68826020475582,9.1475520217048,1.20651141133016,0.775857186904185,0.501381189395989,0.268561108978675,0.209915618451935,0.633617572596523,49.1664443601141,3.89828908703066,4.17943506522109,3.98701241497348,25.0251510985846,4.06805897269713,4.24764505634875,4.16886377508322,4.18937711189836,3.64948622271443,3.15288728361891,4.14935722780501,2.69655992600097,2.1175300935685,1.72161010816695,9.8953253515394,1.20651141133016,0.802914655709441,0.526299230435248,0.31650946067543,0.27825145827172,25.2968456025321,9.51516791361746,8.88562421801322,3.2976515661027,1.7329627051744,44.7265130528068,103.390750137556,38.3693727068352
3,campeche,16.1496810831421,29.0,29.0,30.0,,78935.0,39817.0,39118.0,80168.0,41047.0,39121.0,149.0,78.0,71.0,76140.0,38468.0,37672.0,75556.0,37277.0,38279.0,72798.0,35046.0,37752.0,72709.0,34557.0,38152.0,70275.0,33611.0,36664.0,64170.0,30761.0,33409.0,57628.0,28036.0,29592.0,82015.0,41624.0,40391.0,50254.0,24392.0,25862.0,40805.0,19857.0,20948.0,32778.0,16020.0,16758.0,25796.0,12530.0,13266.0,17559.0,8668.0,8891.0,11916.0,5984.0,5932.0,7536.0,3718.0,3818.0,4413.0,2113.0,2300.0,1768.0,832.0,936.0,701.0,353.0,348.0,4294.0,2150.0,2144.0,19319.0,928363.0,456939.0,471424.0,49.219863350866,4.30887736738274,4.44198431069541,4.16289259784713,24.3609673936705,4.03400611859071,3.79257393116748,3.73965580492366,3.63728249730269,3.32886397011479,3.03397257131232,4.50442553532258,2.63962972462013,2.14886550679657,1.73363677387728,11.0591944835957,1.35595934935595,0.938025190759565,0.647570690067516,0.402350906696361,0.365340683433813,0.736714034304626,50.780136649134,4.23323366545139,4.23355831653264,4.07675184428868,24.2292448005455,4.14243957972835,4.08540920645536,4.12869601728875,3.63728249730269,3.61542265783183,3.2023582654542,4.37099394092865,2.79870875443284,2.26693028334464,1.81350093986488,11.1489942038868,1.35595934935595,0.962157587799179,0.641943404659176,0.413172609404709,0.395533233990102,24.2940732780777,11.1047984511979,24.9660962360628,2.0809747911108,2.04998942882259,50.7175675609553,96.9273944474613,42.5584153816803
4,chiapas,75.6207227426424,24.0,24.0,25.0,,574152.0,288911.0,285241.0,583132.0,295114.0,288018.0,1449.0,651.0,798.0,526577.0,262521.0,264056.0,464523.0,223732.0,240791.0,424403.0,198455.0,225948.0,396045.0,184761.0,211284.0,372863.0,174270.0,198593.0,329204.0,156472.0,172732.0,284333.0,135809.0,148524.0,612792.0,308758.0,304034.0,243848.0,117157.0,126691.0,196355.0,94905.0,101450.0,158726.0,77668.0,81058.0,125777.0,62035.0,63742.0,85855.0,43119.0,42736.0,63158.0,31971.0,31187.0,38245.0,19047.0,19198.0,21839.0,10638.0,11201.0,8853.0,4300.0,4553.0,3855.0,1752.0,2103.0,27844.0,13901.0,13943.0,56532.0,5543828.0,2705947.0,2837881.0,48.8100821309752,5.23770554809441,5.35016055158971,4.75927776440251,25.4344836603832,4.05606687764141,3.5978168174527,3.34955648892383,3.15936376900296,2.83670148426826,2.46209923741621,5.59751442353712,2.12395467427027,1.72054523725957,1.4080533953688,9.33048692332895,1.12464068061111,0.781710026715088,0.579606467313901,0.345305570139435,0.314377271580193,4.39937383477255,51.1899178690248,5.17117163501562,5.22151623354963,4.78710598145317,25.878578070765,4.3653317341022,4.0962410333315,3.8303954471224,3.15936376900296,3.1314811645574,2.69261114608019,5.51187240572126,2.29679781522209,1.83920040377202,1.46951115159145,9.08575188265465,1.12464068061111,0.774766569301144,0.565393228116688,0.348043069015429,0.338198950540828,25.6618402083835,9.20519348859605,50.8151768056296,1.01972860629875,2.21605025281093,62.3839779891942,95.3509678524223,28.6856044599215
5,chihuahua,15.1240020676812,29.0,29.0,30.0,,291286.0,147610.0,143676.0,333715.0,169615.0,164100.0,243.0,88.0,155.0,326333.0,165942.0,160391.0,314067.0,157281.0,156786.0,298299.0,147844.0,150455.0,275644.0,135649.0,139995.0,263669.0,130612.0,133057.0,251983.0,124354.0,127629.0,248522.0,123238.0,125284.0,317322.0,161182.0,156140.0,219930.0,107604.0,112326.0,173639.0,84028.0,89611.0,140861.0,66530.0,74331.0,100944.0,47253.0,53691.0,74018.0,34187.0,39831.0,50265.0,23473.0,26792.0,31387.0,14273.0,17114.0,15250.0,6585.0,8665.0,5376.0,2130.0,3246.0,1477.0,531.0,946.0,7639.0,3813.0,3826.0,60918.0,3741869.0,1853822.0,1888047.0,49.5426750642526,3.95288988626839,4.54216799715068,4.44380769261668,25.4629572072352,4.21187232709287,3.95915623836775,3.63258288857408,3.49769564274295,3.33011089300873,3.30022521376562,4.31633830803137,2.88155791153732,2.25020954788537,1.78162566312198,10.5431919520392,1.26540143483396,0.915503330003776,0.628590097556926,0.382220698778597,0.2499578226301,2.96940680189691,50.4573249357474,3.84754018900818,4.39448025429607,4.29515589559293,24.8183201439746,4.1986165822673,4.02907694491234,3.74896565021437,3.49769564274295,3.41781304311732,3.35501562571132,4.18131716578786,3.00800968338854,2.39971828194835,1.99053084571652,11.9291208409205,1.26540143483396,1.06664560029779,0.717470536094456,0.458300640292644,0.34845202357648,25.1376856808499,11.2425051483171,12.5023885122649,1.62800995972868,1.58570684361776,48.5996322246351,98.1872802954587,44.551708915096
6,ciudad de mexico,6163.32046850109,35.0,34.0,36.0,,479904.0,242877.0,237027.0,608962.0,309140.0,299822.0,1308.0,357.0,951.0,650389.0,331109.0,319280.0,714605.0,359049.0,355556.0,752289.0,372081.0,380208.0,743611.0,363448.0,380163.0,705850.0,340545.0,365305.0,670307.0,317312.0,352995.0,668945.0,313846.0,355099.0,563907.0,286280.0,277627.0,623483.0,286394.0,337089.0,526447.0,239651.0,286796.0,469514.0,209065.0,260449.0,356196.0,157245.0,198951.0,267744.0,115130.0,152614.0,175215.0,74210.0,101005.0,117480.0,46094.0,71386.0,66316.0,24278.0,42038.0,28780.0,9308.0,19472.0,9066.0,2725.0,6341.0,9626.0,4783.0,4843.0,186914.0,9209944.0,4404927.0,4805017.0,47.8279455336536,2.63987614341156,3.36010124867423,3.5988864732719,24.1410053852783,3.90257162850241,4.0442189063465,3.95038519320745,3.70144814559671,3.44892426544387,3.41125165456237,3.11163157621291,3.11287066381836,2.60481213801523,2.27236710731086,14.5088888000029,1.70912570630711,1.25136978960945,0.806602554389968,0.501004421803681,0.398551441374092,7.30866589896375,52.1720544663464,2.57629138471083,3.25882214071296,3.47031483042217,21.9792865841947,3.86460554950383,4.13255280958767,4.1320636960592,3.70144814559671,3.83676955513929,3.85963832989251,3.01758047928343,3.66388422661043,3.117240078006,2.83086954168323,17.7745015076537,1.70912570630711,1.65879048963308,1.09784248761836,0.775907963181273,0.747821977457736,23.0131501976345,16.2126896048593,0.698288719236512,2.02948030954368,1.58352903946202,40.991534670459,91.6734945994988,90.2494776959691
7,coahuila de zaragoza,20.7577816601794,29.0,28.0,29.0,,279912.0,141812.0,138100.0,268144.0,136301.0,131843.0,214.0,70.0,144.0,269284.0,136850.0,132434.0,264313.0,133659.0,130654.0,245917.0,122570.0,123347.0,224329.0,110882.0,113447.0,219634.0,109371.0,110263.0,218687.0,106991.0,111696.0,205202.0,100846.0,104356.0,276224.0,140417.0,135807.0,178214.0,86423.0,91791.0,142215.0,69115.0,73100.0,118950.0,57307.0,61643.0,84422.0,40630.0,43792.0,61684.0,29458.0,32226.0,39801.0,18836.0,20965.0,24851.0,11199.0,13652.0,12495.0,5503.0,6992.0,4712.0,1826.0,2886.0,1408.0,529.0,879.0,6159.0,3074.0,3085.0,45976.0,3146771.0,1563669.0,1583102.0,49.6912231617744,4.51542565589127,4.33995030267986,4.35743097205258,25.1877649229941,4.25582657138163,3.90274252279492,3.53058575844453,3.48247411650978,3.40669270830017,3.2110302068514,4.47100756158354,2.7517885049156,2.20068572622151,1.82470805053283,10.5958304364681,1.29369689729263,0.93797005169693,0.599755716401771,0.356586550646817,0.252434875750331,2.49715936378637,50.3087768382256,4.39723213182654,4.19800344646203,4.21682143480315,24.4576482404936,4.16014458328504,3.92748292371041,3.61225773830069,3.48247411650978,3.55650427368933,3.32279186349667,4.32422088433719,2.92271060544887,2.32757182358088,1.96277031355672,11.5934828549313,1.29369689729263,1.02610573990038,0.667545051728771,0.434692346587226,0.347097954156706,24.8204490080277,11.0977414593079,8.34900283496956,1.46105325109453,1.65196989654908,50.5029124306036,98.772473283465,42.2838113262484
8,colima,129.981519801061,30.0,30.0,31.0,,52313.0,26532.0,25781.0,60801.0,30952.0,29849.0,148.0,53.0,95.0,60663.0,30667.0,29996.0,59343.0,29637.0,29706.0,58035.0,28584.0,29451.0,57436.0,27688.0,29748.0,54566.0,26634.0,27932.0,51179.0,24786.0,26393.0,47133.0,23147.0,23986.0,60049.0,30646.0,29403.0,41541.0,20037.0,21504.0,34819.0,16843.0,17976.0,29795.0,14473.0,15322.0,22071.0,10602.0,11469.0,16086.0,7710.0,8376.0,10803.0,5101.0,5702.0,6859.0,3103.0,3756.0,3623.0,1561.0,2062.0,1571.0,655.0,916.0,601.0,236.0,365.0,1956.0,975.0,981.0,13574.0,731391.0,360622.0,370769.0,49.3063217895763,3.6373357461597,4.24328418570537,4.20421284967132,24.715345880822,4.06300767032018,3.91864936560489,3.79581456881011,3.65131917168768,3.39797240329844,3.17327794800085,4.20133390912144,2.74692056180468,2.30904741340901,1.98413840849425,12.0935250398307,1.4534537004668,1.05698245902651,0.699308368805994,0.425397739346206,0.343416479878262,0.580404447682744,50.6936782104237,3.53437934839979,4.09207126063323,4.11222384448237,24.1092193364847,4.07246704641263,4.03750848259269,4.07822492751239,3.65131917168768,3.61827990156765,3.28829847758882,4.03092804705011,2.94803512307471,2.46437311069526,2.10052986215358,12.9974471859552,1.4534537004668,1.14828600217977,0.781700905495349,0.514919081206687,0.471323695737112,24.4080692590841,12.5517695202451,9.93886990679404,1.85591564566696,1.66945650997967,47.5066227174375,97.2632555580429,52.8733043433066
9,durango,14.8556253793468,27.0,27.0,28.0,,167600.0,85081.0,82519.0,170271.0,86764.0,83507.0,157.0,60.0,97.0,162990.0,82839.0,80151.0,153588.0,76936.0,76652.0,141107.0,69038.0,72069.0,129526.0,63232.0,66294.0,118830.0,57634.0,61196.0,114976.0,55778.0,59198.0,108070.0,52309.0,55761.0,176033.0,89816.0,86217.0,97009.0,45980.0,51029.0,79997.0,37971.0,42026.0,66536.0,31635.0,34901.0,49727.0,23758.0,25969.0,36956.0,17758.0,19198.0,25689.0,12593.0,13096.0,17026.0,8058.0,8968.0,9042.0,4191.0,4851.0,3333.0,1441.0,1892.0,1012.0,418.0,594.0,3175.0,1576.0,1599.0,17311.0,1832650.0,904866.0,927784.0,49.3747305813985,4.65056915235245,4.74256275707512,4.52802033370229,25.3310675419854,4.20535946104757,3.77365091078042,3.45629210565873,3.15030268246355,3.04885281296547,2.85923557304691,4.90938657265062,2.51328933163886,2.07551346697823,1.72918460213996,11.0608996003498,1.29862392216346,0.970660981975704,0.688339550964074,0.44045422867216,0.333975594091201,1.4543222586083,50.6252694186015,4.51052897689228,4.5645335410432,4.38109293649818,24.7112617889515,4.18983588187868,3.93932685606526,3.62366252613455,3.15030268246355,3.23579168887249,3.04792358463494,4.712663469028,2.78927014580686,2.29716175405513,1.90770576258216,11.8298180169189,1.29862392216346,1.04937208762077,0.715833777449815,0.490195274600637,0.406346082892633,25.0172863799724,11.4501701307752,27.6250238725343,0.944588437508526,1.70215376482365,56.0148179859103,97.5298129737094,40.7620878607678
10,estados unidos mexicanos,64.2716643472166,29.0,28.0,30.0,127091642.265812,10047365.0,5077482.0,4969883.0,10943540.0,5554260.0,5389280.0,18295.0,6644.0,11651.0,10806690.0,5462150.0,5344540.0,10422095.0,5165884.0,5256211.0,9993001.0,4861404.0,5131597.0,9420827.0,4527726.0,4893101.0,9020276.0,4331530.0,4688746.0,8503586.0,4062304.0,4441282.0,7942413.0,3812344.0,4130069.0,10764379.0,5453091.0,5311288.0,7037532.0,3332163.0,3705369.0,5695958.0,2692976.0,3002982.0,4821062.0,2257862.0,2563200.0,3645077.0,1706850.0,1938227.0,2647340.0,1233492.0,1413848.0,1814582.0,847898.0,966684.0,1175364.0,523812.0,651552.0,659245.0,283351.0,375894.0,266806.0,107358.0,159448.0,95205.0,36615.0,58590.0,273386.0,136194.0,137192.0,2576213.0,126014024.0,61473390.0,64540634.0,48.7829751393385,4.03805967645877,4.41723542073963,4.34398145808676,25.2529280927677,4.10836471181258,3.86621547124646,3.60084541641979,3.44481312397985,3.23070096081428,3.03191081311358,4.33677694557268,2.6500287043239,2.14169105774698,1.79565018590092,11.4186536991355,1.35743704433884,0.980981184460031,0.674322966295113,0.416581312399576,0.345129471985024,100.0,51.2170248606615,3.95248750050083,4.28602883341502,4.25044765559405,24.4278062032771,4.18020067625233,4.08109667775028,3.8914237098113,3.44481312397985,3.53209755465055,3.28459364107887,4.22400274444289,2.94683489676583,2.38823505889957,2.03848178343107,12.637669272397,1.35743704433884,1.12441611756416,0.768792027283972,0.51817138067965,0.481612794107184,24.8303066507425,12.0430246266128,21.4131150989988,2.04438594866235,1.76582677166244,50.2934113156237,95.2475768986093,47.6864763672087
11,guanajuato,201.489844537732,28.0,27.0,29.0,,538846.0,272745.0,266101.0,549301.0,278676.0,270625.0,683.0,227.0,456.0,552092.0,277977.0,274115.0,540587.0,267148.0,273439.0,501868.0,242026.0,259842.0,462332.0,218363.0,243969.0,439045.0,208278.0,230767.0,407230.0,192549.0,214681.0,365660.0,174419.0,191241.0,547545.0,277429.0,270116.0,318197.0,148310.0,169887.0,250808.0,116934.0,133874.0,214406.0,99483.0,114923.0,161765.0,75898.0,85867.0,118285.0,55393.0,62892.0,81110.0,38242.0,42868.0,54366.0,24455.0,29911.0,31747.0,14089.0,17658.0,14003.0,5815.0,8188.0,5009.0,1992.0,3017.0,12049.0,6006.0,6043.0,108806.0,6166934.0,2996454.0,3170480.0,48.5890395454208,4.43135818134701,4.52772066415538,4.51636383133072,26.3221764765681,4.34042228246344,3.93225868558064,3.54779983704001,3.38394624757408,3.12839313813337,2.83383036401168,4.50746033435231,2.40963072421337,1.89985678042725,1.61632589398502,10.5534020320701,1.23313433151066,0.899984321396744,0.621327612132477,0.397326676290459,0.35943807236041,4.89384737051171,51.4109604545792,4.32341140411234,4.39691399595606,4.45361692379305,25.5146808105202,4.44263377788537,4.22171982092273,3.96382710643659,3.38394624757408,3.48797743580912,3.10714172563744,4.38864414201078,2.76019779410988,2.17508531840969,1.86718354607763,11.559086181839,1.23313433151066,1.02182250358861,0.696487424216699,0.485971711900385,0.476353335602534,25.907015321976,11.0704586681961,27.9227246472883,1.76434513487577,1.76703089856367,51.889023931297,94.5110519542782,41.6566199504552
12,guerrero,55.6747543920515,27.0,26.0,28.0,,335458.0,169332.0,166126.0,348493.0,176233.0,172260.0,1179.0,470.0,709.0,326540.0,162620.0,163920.0,281967.0,133690.0,148277.0,256191.0,118352.0,137839.0,237976.0,109644.0,128332.0,222157.0,102989.0,119168.0,209120.0,97642.0,111478.0,190778.0,89571.0,101207.0,351010.0,177163.0,173847.0,174072.0,80393.0,93679.0,148972.0,69264.0,79708.0,126765.0,59295.0,67470.0,104196.0,48671.0,55525.0,77444.0,36646.0,40798.0,58071.0,27472.0,30599.0,39210.0,17897.0,21313.0,23532.0,10376.0,13156.0,9187.0,4039.0,5148.0,3950.0,1657.0,2293.0,14417.0,7196.0,7221.0,303923.0,3540685.0,1700612.0,1840073.0,48.0305929502342,4.8020173168914,4.99771996910048,4.6116744388118,24.4867179712486,3.79126033528932,3.35629623159669,3.1093496013349,2.92062316307212,2.76898976481651,2.54010755847258,5.02409346084869,2.27983238937029,1.9642296047833,1.68152278839839,12.1956447795462,1.38024109341661,1.03922900925284,0.779067274523661,0.507533743890141,0.469107849998922,2.80975473015607,51.9694070497658,4.71109966684325,4.88505127800836,4.64854061007275,24.5538646873834,4.20492713543043,3.9089201387983,3.63931499250766,2.92062316307212,3.16135926140611,2.87008814985134,4.93005636554,2.65660465965718,2.2604067529751,1.91335428844319,12.931267772848,1.38024109341661,1.15697388854165,0.867744595702879,0.604406698526601,0.604208188373657,24.5216188899993,12.5780003108102,40.3465148692979,8.58373450335175,2.10438482304116,62.1617097516806,92.4208985187001,42.8551414014634
13,hidalgo,148.060870374673,30.0,28.0,30.0,,238189.0,120314.0,117875.0,283676.0,143492.0,140184.0,642.0,192.0,450.0,272506.0,137426.0,135080.0,238187.0,116241.0,121946.0,231124.0,108338.0,122786.0,224226.0,102706.0,121520.0,221410.0,101835.0,119575.0,211048.0,97725.0,113323.0,194567.0,91193.0,103374.0,269553.0,136027.0,133526.0,171679.0,79935.0,91744.0,139795.0,65244.0,74551.0,118929.0,55713.0,63216.0,93011.0,44117.0,48894.0,66179.0,31397.0,34782.0,47263.0,22656.0,24607.0,29997.0,13534.0,16463.0,17421.0,7713.0,9708.0,7213.0,2878.0,4335.0,3020.0,1115.0,1905.0,3206.0,1588.0,1618.0,48693.0,3082841.0,1481379.0,1601462.0,48.0523971233028,3.90676167792612,4.65938333601222,4.46241194167491,24.4632519051677,3.774505744999,3.51788442461525,3.33500560943099,3.30672303698328,3.17326566297629,2.96116260530875,4.41698448030367,2.59559980322343,2.11856275175467,1.80907802385672,12.1175895785283,1.43253989514991,1.01950393471954,0.735671597445801,0.439467664187477,0.386344485628979,2.44642691515033,51.9476028766972,3.82756398079643,4.55196800919589,4.38623408293515,23.7405647050587,3.95975497096247,3.98703093061353,3.94592216285371,3.30672303698328,3.6797542565921,3.35669649162969,4.33577355758069,2.97905433598462,2.42077389041234,2.05271079202568,12.7737454401804,1.43253989514991,1.12941955783721,0.799023260873448,0.534576337780289,0.532465698045385,24.0878220958003,12.4584569275255,42.6991531512653,1.57948463770918,1.73509085068455,52.1956578572166,92.5016641044246,48.4794381730009
14,jalisco,106.216118794267,29.0,28.0,30.0,,670983.0,339122.0,331861.0,714906.0,364020.0,350886.0,1108.0,393.0,715.0,716259.0,362796.0,353463.0,704359.0,351982.0,352377.0,668334.0,331070.0,337264.0,639006.0,312917.0,326089.0,602903.0,295336.0,307567.0,549859.0,266310.0,283549.0,511537.0,248266.0,263271.0,718100.0,363911.0,354189.0,444689.0,210067.0,234622.0,357080.0,167535.0,189545.0,313011.0,144991.0,168020.0,240553.0,111583.0,128970.0,181420.0,84464.0,96956.0,120885.0,56892.0,63993.0,76495.0,33970.0,42525.0,41507.0,17843.0,23664.0,17725.0,7062.0,10663.0,6381.0,2422.0,3959.0,51051.0,25503.0,25548.0,139676.0,8348151.0,4098455.0,4249696.0,49.0941646838923,4.0872352990804,4.38731605018621,4.37256390787142,25.677886702323,4.24222921261646,3.99018934326451,3.7714020561401,3.55950874401899,3.20967566981234,2.99220209470779,4.38600233816635,2.53181231996722,2.01919947933615,1.74749008689783,11.2846898269363,1.34484337901194,1.01799423895096,0.685685359945041,0.409420158850683,0.334092634776006,6.62477931821303,50.9058353161077,3.9997227947114,4.22901977799472,4.26007882272119,24.6938317502133,4.24698991213798,4.06484193272348,3.93015631967796,3.55950874401899,3.41744705981608,3.17304841450627,4.26882886791771,2.82775909655181,2.28447288811754,2.02504489520435,12.7709777214245,1.34484337901194,1.1685528678695,0.771269479697726,0.5125284738041,0.470055802629835,25.176893131335,12.0413759024237,12.0544297773243,1.67313696170565,1.65024328781471,50.6635964130984,96.4411336716791,47.4852767766371
15,michoacan de ocampo,81.0401408912087,28.0,27.0,29.0,,429837.0,216825.0,213012.0,426869.0,215932.0,210937.0,945.0,396.0,549.0,407743.0,204821.0,202922.0,390431.0,191587.0,198844.0,367568.0,176271.0,191297.0,345272.0,162946.0,182326.0,318438.0,151597.0,166841.0,299299.0,142585.0,156714.0,270544.0,129380.0,141164.0,441618.0,223382.0,218236.0,243599.0,113217.0,130382.0,202399.0,94210.0,108189.0,178844.0,83238.0,95606.0,140009.0,66427.0,73582.0,106332.0,50515.0,55817.0,74938.0,35694.0,39244.0,51154.0,23473.0,27681.0,30976.0,13989.0,16987.0,13255.0,5868.0,7387.0,5246.0,2242.0,3004.0,3530.0,1746.0,1784.0,73424.0,4748846.0,2306341.0,2442505.0,48.5663464344811,4.5692425962781,4.55042403919992,4.31627735645002,24.8494420928623,4.03739181963857,3.71463143866499,3.43382822134501,3.19466606649589,3.0047524759152,2.72647806805701,4.70742095995293,2.38586850696561,1.9853261616297,1.75410868317305,12.229567451114,1.39984355098796,1.06452341635415,0.752194374410471,0.494656204138987,0.47404640702537,3.76850595613072,51.4336535655189,4.48888967562961,4.44516234535276,4.27625894671714,24.2986805947915,4.19032157184053,4.0312805301059,3.84223094942465,3.19466606649589,3.3024987166292,2.97480715720513,4.59897718086635,2.74759362706298,2.27991139051646,2.01474464503523,13.1050210163308,1.39984355098796,1.17625464774106,0.827004987655195,0.583333122599212,0.588517181995888,24.5661616634171,12.679851036264,28.89866295938,1.54614405268143,1.76662494841392,56.9147164959789,94.4252314734259,46.3442869422425
16,morelos,404.091463436408,30.0,29.0,32.0,,145439.0,73680.0,71759.0,164177.0,83391.0,80786.0,340.0,126.0,214.0,166654.0,84628.0,82026.0,162146.0,79566.0,82580.0,154595.0,74612.0,79983.0,143404.0,67970.0,75434.0,135994.0,63749.0,72245.0,130539.0,60716.0,69823.0,124378.0,58030.0,66348.0,158935.0,80637.0,78298.0,114284.0,52588.0,61696.0,96124.0,44357.0,51767.0,84475.0,39123.0,45352.0,65650.0,30758.0,34892.0,47846.0,22462.0,25384.0,33189.0,15608.0,17581.0,21954.0,9791.0,12163.0,13278.0,5724.0,7554.0,5327.0,2165.0,3162.0,1844.0,707.0,1137.0,948.0,459.0,489.0,38331.0,1971520.0,950847.0,1020673.0,48.2291328518098,3.73901587965322,4.23181695467103,4.29459060617932,25.1272112021616,4.03771087785678,3.78631179170312,3.44925229831744,3.23505053355066,3.08113583264149,2.94483023203415,4.09206057936477,2.66866676274706,2.2509707841175,1.98536262567417,13.3065653185857,1.56086659102027,1.13987207775204,0.792054286775617,0.496860809957718,0.442612601823227,1.56452427866283,51.7708671481902,3.64153149440873,4.09962183569035,4.16254772725889,23.9749888255452,4.19066139171774,4.05887224623104,3.82802556821065,3.23505053355066,3.54328590886301,3.36694117241085,3.97336407905928,3.13086758565533,2.62700373292628,2.30146373743258,14.4521968586059,1.56086659102027,1.2881538964321,0.892177499731042,0.617231950925924,0.612360268998037,24.5306946409469,13.8996697405626,18.1465569712709,1.94423591949359,1.72561727578268,50.1281813936232,93.1588275578956,58.4574571391375
17,mexico,760.227530329802,30.0,29.0,31.0,,1276386.0,644777.0,631609.0,1464549.0,740376.0,724173.0,1458.0,424.0,1034.0,1476665.0,747531.0,729134.0,1415159.0,705458.0,709701.0,1367527.0,667933.0,699594.0,1283264.0,615018.0,668246.0,1254296.0,596686.0,657610.0,1197089.0,563714.0,633375.0,1145882.0,542558.0,603324.0,1381132.0,699573.0,681559.0,1007077.0,473362.0,533715.0,795711.0,373977.0,421734.0,661100.0,307001.0,354099.0,475398.0,221241.0,254157.0,330905.0,152248.0,178657.0,212562.0,97227.0,115335.0,130480.0,56251.0,74229.0,71307.0,28844.0,42463.0,26950.0,9949.0,17001.0,9294.0,3120.0,6174.0,8227.0,4027.0,4200.0,296264.0,16992418.0,8251295.0,8741123.0,48.5586865859821,3.79633625175317,4.35920674702728,4.40133415833583,25.7166615659877,4.15361555931631,3.93267480329207,3.6211203701136,3.51318470217392,3.31905122828635,3.19448833329771,4.11896568991717,2.78707416797185,2.20191235484811,1.80756916829303,10.6253974043283,1.30262901541793,0.896410079231916,0.572455879706016,0.33119622830431,0.249272985684158,13.4845451804634,51.4413134140179,3.71880532902627,4.26380626548536,4.29301578155827,24.4757679562931,4.17859761468768,4.11908933431095,3.93451769354219,3.51318470217392,3.72920323376015,3.55226810626423,4.01290235136899,3.14242226786074,2.48309736978347,2.08487410439508,11.9395466802214,1.30262901541793,1.05190173614981,0.679072674112061,0.437047605034588,0.392553286759434,25.0783272515011,11.3014155340104,12.5845715424373,1.74350701589379,1.78503632122309,46.3678700973908,94.3962806609631,46.5653275407702
18,nayarit,44.3507664964436,29.0,28.0,30.0,,103601.0,52602.0,50999.0,113335.0,57726.0,55609.0,236.0,96.0,140.0,104256.0,52792.0,51464.0,97500.0,48537.0,48963.0,92542.0,45237.0,47305.0,90577.0,43990.0,46587.0,85180.0,41559.0,43621.0,81357.0,39971.0,41386.0,75138.0,37298.0,37840.0,113942.0,58000.0,55942.0,64958.0,31691.0,33267.0,54507.0,26262.0,28245.0,47698.0,22763.0,24935.0,37876.0,18563.0,19313.0,27774.0,13560.0,14214.0,19910.0,9792.0,10118.0,13039.0,6345.0,6694.0,7093.0,3310.0,3783.0,2773.0,1179.0,1594.0,996.0,433.0,563.0,1168.0,572.0,596.0,10416.0,1235456.0,612278.0,623178.0,49.5588673331952,4.26172821902182,4.67686633913641,4.27712170903387,23.9602031041056,3.93238855113231,3.66502793513345,3.56399802963328,3.36704237584745,3.23838520669406,3.02182310773499,4.69906537210116,2.56755311564238,2.12770439314001,1.84422112181274,12.4309717413267,1.50394397417783,1.09860907664986,0.793331864200252,0.51406154803417,0.406550173055235,0.980411513562967,50.4411326668048,4.13185577434116,4.50535045305472,4.16952931568645,23.7289224551947,3.96690237610671,3.83257392115941,3.77440273258753,3.36704237584745,3.35302619809963,3.06573506345359,4.53232956976006,2.69523806437395,2.28836381784478,2.02019301816108,13.0671943615459,1.50394397417783,1.15159508963872,0.819743852326199,0.542336958635262,0.492591680385777,23.8435438082522,12.7518861076183,27.5527416597596,0.843089515126399,1.70500782363393,55.5080992751788,98.2509010266729,47.5688924618742
19,nuevo leon,90.1618468584052,30.0,29.0,30.0,,454909.0,229807.0,225102.0,462720.0,235404.0,227316.0,420.0,116.0,304.0,471896.0,240241.0,231655.0,503826.0,255533.0,248293.0,488349.0,248479.0,239870.0,448470.0,227051.0,221419.0,426619.0,215999.0,210620.0,409490.0,204944.0,204546.0,387678.0,194154.0,193524.0,463819.0,235679.0,228140.0,334439.0,164492.0,169947.0,260045.0,126971.0,133074.0,217238.0,103697.0,113541.0,154408.0,72766.0,81642.0,115822.0,53640.0,62182.0,77327.0,35523.0,41804.0,50350.0,22069.0,28281.0,25023.0,10300.0,14723.0,10365.0,3903.0,6462.0,3097.0,1133.0,1964.0,18132.0,9049.0,9083.0,97603.0,5784442.0,2890950.0,2893492.0,49.9780272669343,3.98533897761307,4.08240278444967,4.16628658535528,25.825071714816,4.43148217837751,4.30915091280212,3.93754411400011,3.74587908038243,3.55416202042554,3.36704062043144,4.08717186554313,2.85263886263486,2.20194543824387,1.79832509871998,10.5189942333203,1.26191619944124,0.930230944919715,0.616043882482905,0.382723093278024,0.267970331112965,4.59031607466166,50.0219727330657,3.90374433563232,3.9421397739629,4.01738720256108,24.9554761478001,4.30592527977164,4.15985266140738,3.83987333320616,3.74587908038243,3.54725985942483,3.35611508919916,3.9564296751302,2.94724008941593,2.30778435429243,1.9690408597526,12.1655077348601,1.26191619944124,1.07836727473896,0.724969694657415,0.490452299650903,0.406724577762902,25.390084820275,11.3426090515425,4.11614465146336,1.68733647947373,1.66135834482822,46.0546345664315,99.912147674851,47.3452493325844
20,oaxaca,44.0726751933576,28.0,27.0,29.0,,359853.0,181303.0,178550.0,398362.0,201586.0,196776.0,1116.0,433.0,683.0,358708.0,178973.0,179735.0,310307.0,147137.0,163170.0,307124.0,141381.0,165743.0,289279.0,132924.0,156355.0,276496.0,127897.0,148599.0,259478.0,120384.0,139094.0,233971.0,108738.0,125233.0,388759.0,195501.0,193258.0,210438.0,96862.0,113576.0,179408.0,83007.0,96401.0,155780.0,72135.0,83645.0,127194.0,58872.0,68322.0,93692.0,43728.0,49964.0,73118.0,34298.0,38820.0,50714.0,23170.0,27544.0,31435.0,14216.0,17219.0,12630.0,5550.0,7080.0,4898.0,2080.0,2818.0,9388.0,4668.0,4720.0,194474.0,4132148.0,1974843.0,2157305.0,47.7921652370631,4.3976122791528,4.88958852807343,4.34109674101815,23.7283997614425,3.56889559421358,3.42928038498482,3.22415081159223,3.10221793167684,2.91998564068731,2.63750497239713,4.74199322783766,2.34944551708079,2.01338423774365,1.74967740057631,12.9167205958862,1.42797543393261,1.06064869165316,0.83191842358032,0.562002153896904,0.540390418069449,3.2791175686922,52.2078347629369,4.33083662400916,4.77291911243924,4.3595795049918,23.6296359957911,3.95778556112895,4.02019520903472,3.79248367598405,3.10221793167684,3.3738078374681,3.03760102455636,4.68758792653465,2.75485354471277,2.33826368743269,2.02885930784232,13.7553220894878,1.42797543393261,1.21190658684959,0.941602227633915,0.66809612977714,0.674305562293221,23.676832995372,13.3545731500257,50.5445351908983,4.70636579328717,1.98715632333971,59.7356672190389,91.5421324291187,48.0025702413481
21,puebla,191.878340216284,28.0,26.0,29.0,,578779.0,292266.0,286513.0,603375.0,305853.0,297522.0,1065.0,335.0,730.0,607200.0,305827.0,301373.0,570646.0,279374.0,291272.0,528289.0,251899.0,276390.0,475854.0,221145.0,254709.0,457864.0,212520.0,245344.0,425089.0,196550.0,228539.0,382865.0,178206.0,204659.0,598550.0,302188.0,296362.0,334597.0,153039.0,181558.0,269080.0,123605.0,145475.0,229364.0,104369.0,124995.0,177876.0,80892.0,96984.0,128374.0,58004.0,70370.0,91494.0,41799.0,49695.0,60354.0,26102.0,34252.0,36491.0,15340.0,21151.0,14770.0,5903.0,8867.0,5631.0,2077.0,3554.0,5671.0,2822.0,2849.0,113945.0,6583278.0,3160115.0,3423163.0,48.0021502965544,4.44334847004389,4.64991295466573,4.64951767413286,26.5132187605015,4.24735013812774,3.82964503656117,3.36208897856014,3.23096226332768,2.98816879755814,2.70928317851766,4.59419360262783,2.32666682579242,1.87917885638348,1.58673207444592,10.6046857228645,1.22980895635753,0.881840462648498,0.635474268985666,0.396831248811308,0.359629269428836,5.22424234305858,51.9978497034456,4.35588505059667,4.52325595007424,4.58180307823195,25.4080473313269,4.42823659121015,4.20198409543167,3.87236574030647,3.23096226332768,3.47450068087072,3.11145071452277,4.50562035706907,2.76024396106365,2.21167059692073,1.90031116179486,12.0046872889448,1.22980895635753,1.06984196532265,0.755517926200212,0.520736492770091,0.521496647641004,25.9385366136955,11.3326776744187,26.5154076738063,1.73082467427321,1.91044549363908,53.6519633493177,92.3156449167042,41.8609156827861
22,queretaro,202.596169297702,29.0,28.0,30.0,,187893.0,94523.0,93370.0,198601.0,100847.0,97754.0,242.0,76.0,166.0,198141.0,99841.0,98300.0,209039.0,104347.0,104692.0,214139.0,105543.0,108596.0,194576.0,94293.0,100283.0,182743.0,87967.0,94776.0,165728.0,79318.0,86410.0,149832.0,71841.0,77991.0,196969.0,99958.0,97011.0,125857.0,59009.0,66848.0,97903.0,46132.0,51771.0,80729.0,37769.0,42960.0,57833.0,26736.0,31097.0,40979.0,18799.0,22180.0,27417.0,12516.0,14901.0,17321.0,7578.0,9743.0,9975.0,4174.0,5801.0,4195.0,1596.0,2599.0,1531.0,557.0,974.0,6824.0,3400.0,3424.0,43436.0,2368467.0,1156820.0,1211647.0,48.8425635653779,4.00242543009252,4.27020510720714,4.22760764433913,26.8532711414749,4.41840701579367,4.4690497251278,3.99268644752827,3.72482208360874,3.35859399579022,3.04199237564695,4.23256182242617,2.49864183536631,1.95338584197527,1.59926796725839,9.51960257321704,1.13209320799122,0.796013622719437,0.529970025105403,0.320878303791047,0.271124805908429,1.87952652000066,51.1574364346221,3.95360348706388,4.13923696341911,4.16235646115861,25.7889479011739,4.43301548964005,4.5983241328177,4.24632342822349,3.72482208360874,3.65889340598897,3.3024043007347,4.10777581539632,2.83057176719767,2.19216028840938,1.81907256939343,10.7944477137085,1.13209320799122,0.939176666414018,0.630959039956505,0.412551770102424,0.403956059404406,26.308760468877,10.1718168241347,21.0518871489449,1.83392886622444,1.63983374840471,45.8986820799821,95.4750022077387,41.1717623911028
23,quintana roo,41.5607889904355,28.0,28.0,29.0,,147731.0,75158.0,72573.0,154281.0,78464.0,75817.0,102.0,66.0,36.0,147549.0,74516.0,73033.0,164989.0,83186.0,81803.0,184447.0,93034.0,91413.0,175133.0,88048.0,87085.0,161472.0,81665.0,79807.0,136731.0,68835.0,67896.0,117045.0,59554.0,57491.0,155388.0,78621.0,76767.0,94160.0,47616.0,46544.0,66985.0,33514.0,33471.0,49321.0,24175.0,25146.0,34204.0,16738.0,17466.0,21678.0,10704.0,10974.0,12688.0,6268.0,6420.0,7421.0,3570.0,3851.0,3775.0,1729.0,2046.0,1332.0,564.0,768.0,531.0,253.0,278.0,21022.0,10501.0,10521.0,52265.0,1857985.0,936779.0,921206.0,50.4190830388835,4.09142699118055,4.27139795412319,4.05647800200657,27.0691952092136,4.52845266888881,5.06455492026786,4.79312865855219,4.44565296089252,3.74721755419135,3.2419814661482,4.27994466954424,2.59210446808128,1.82442433516625,1.31603086180832,6.91660602972326,0.911177851704144,0.582700903611014,0.341215364707945,0.194342509892687,0.142191214520924,1.47442716375758,49.5809169611165,3.95070559396134,4.12730142087783,3.97574692576824,27.0399754031306,4.45316536043459,4.97631144448745,4.74070517479122,4.44565296089252,3.69610057469857,3.12967653676204,4.17901721482686,2.53374727743564,1.82208351501908,1.36888984699202,7.3554522145418,0.911177851704144,0.597399076628108,0.34948989173979,0.209639497366033,0.170281056286926,27.0547093218535,7.13416655643037,9.72704300626754,2.81299364634268,1.90390323770005,41.5408928120127,101.690501364516,28.6515085264539
24,san luis potosi,46.1620796063009,29.0,28.0,30.0,,230931.0,116331.0,114600.0,252780.0,128254.0,124526.0,460.0,181.0,279.0,253797.0,127984.0,125813.0,232129.0,113430.0,118699.0,220964.0,106032.0,114932.0,204288.0,96754.0,107534.0,191969.0,90728.0,101241.0,180174.0,85394.0,94780.0,169453.0,80668.0,88785.0,242727.0,122972.0,119755.0,153736.0,72445.0,81291.0,125766.0,59294.0,66472.0,107635.0,51031.0,56604.0,82236.0,39217.0,43019.0,63157.0,30156.0,33001.0,45985.0,22290.0,23695.0,32252.0,14922.0,17330.0,18927.0,8698.0,10229.0,8052.0,3502.0,4550.0,2895.0,1204.0,1691.0,1942.0,964.0,978.0,55337.0,2822255.0,1372451.0,1449804.0,48.6295887508393,4.12475494741187,4.54750944310082,4.53793603759583,25.3335248529516,4.02189402381934,3.75958271298257,3.43061213418511,3.21694790613666,3.02781996182693,2.86024990843215,4.36022526577724,2.56868652521901,2.10239076301106,1.80940909750088,12.4828744275374,1.39051942107135,1.06924302373531,0.790337810023214,0.529090210909215,0.481684125130792,2.23963564563258,51.3704112491607,4.06337878100764,4.41532553301708,4.46095876592421,24.8093283803576,4.20871725939639,4.07515052407304,3.81283921323626,3.21694790613666,3.36061990282639,3.14805484355814,4.24615991203813,2.88233965520848,2.35690152121413,2.0070112785354,13.1415366648583,1.39051942107135,1.17011835211198,0.840154975706597,0.614470805190771,0.593870254826326,25.0642393237914,12.8212365081464,32.7911191582617,1.9607370701797,1.69264069003246,53.2852947778452,94.6645891444637,49.776994044915
25,sinaloa,52.7660387326154,30.0,29.0,30.0,,236236.0,120045.0,116191.0,260172.0,132511.0,127661.0,403.0,169.0,234.0,261581.0,132551.0,129030.0,256990.0,127976.0,129014.0,232316.0,113467.0,118849.0,215491.0,105280.0,110211.0,205540.0,100764.0,104776.0,204309.0,99977.0,104332.0,192589.0,94386.0,98203.0,250496.0,127811.0,122685.0,172094.0,83272.0,88822.0,143385.0,68641.0,74744.0,123628.0,58938.0,64690.0,95056.0,45164.0,49892.0,70677.0,34107.0,36570.0,49051.0,23904.0,25147.0,30957.0,14451.0,16506.0,15827.0,7041.0,8786.0,5997.0,2483.0,3514.0,1923.0,769.0,1154.0,2225.0,1108.0,1117.0,42196.0,3026943.0,1494815.0,1532128.0,49.3836520872709,3.96879973604151,4.38093733035609,4.38225976768743,25.0379759885975,4.23100599791452,3.75132491690134,3.48065505610771,3.33135188139853,3.30533292690426,3.12048924891511,4.22555094392271,2.75305003640009,2.2693355215263,1.94854528587458,12.5209294727815,1.49316399082493,1.12760925150708,0.790288549213513,0.477763546882718,0.345883484014047,2.40206836026441,50.6163479127291,3.84138289916614,4.22059180393015,4.26585222159553,24.6172627107186,4.265323246663,3.92925885983421,3.64367851812962,3.33135188139853,3.44931329135476,3.24668283125898,4.05608059991047,2.93653821612461,2.47110639735671,2.13871177412241,13.4873622723808,1.49316399082493,1.20903833018483,0.83138328928515,0.545703764780717,0.452538054787256,24.825025010596,13.0101054048675,24.2723764537357,1.39401369632662,1.78924666381749,50.6391430348674,97.5646290649345,52.6866906590405
26,sonora,16.4190819498402,30.0,29.0,30.0,,218345.0,110604.0,107741.0,258791.0,132191.0,126600.0,197.0,83.0,114.0,255716.0,130755.0,124961.0,247003.0,125586.0,121417.0,227896.0,114152.0,113744.0,215004.0,107455.0,107549.0,207000.0,103839.0,103161.0,203895.0,101577.0,102318.0,192181.0,96274.0,95907.0,246711.0,125202.0,121509.0,170705.0,84122.0,86583.0,140464.0,68807.0,71657.0,121603.0,58841.0,62762.0,87708.0,42358.0,45350.0,61882.0,29386.0,32496.0,41519.0,19677.0,21842.0,26144.0,11839.0,14305.0,13203.0,5697.0,7506.0,4727.0,1849.0,2878.0,1421.0,539.0,882.0,2725.0,1364.0,1361.0,43510.0,2944840.0,1472197.0,1472643.0,49.9924274323902,3.75933639575611,4.49306026446961,4.4442518392381,25.1893314876672,4.2685619018971,3.87992991436433,3.65230454961822,3.52939976853386,3.45251630204802,3.27227181806286,4.2555100667377,2.85923561791432,2.33869172347104,1.99995581409972,11.5763652297712,1.43971258771326,0.998805281234758,0.6688045844571,0.402397594927459,0.277623410369751,2.33691450088127,50.0075725676098,3.66202544767965,4.3030269041149,4.24731868060902,24.476748848963,4.12686111861705,3.86606233950746,3.65549953009995,3.52939976853386,3.47770226520717,3.25979779852249,4.12998812079066,2.94288292605829,2.43556081254472,2.13322728717266,12.7871475352788,1.43971258771326,1.10451155036428,0.742391102999033,0.486214848841735,0.386796573213488,24.8329857942331,12.1818487720568,12.1966218877766,1.47749962646527,1.70526004403344,48.4816552584524,99.9697143163686,49.5137784642335
27,tabasco,97.1495276815842,29.0,28.0,29.0,,206877.0,104669.0,102208.0,222698.0,113492.0,109206.0,461.0,184.0,277.0,208660.0,105289.0,103371.0,188555.0,91925.0,96630.0,180324.0,85425.0,94899.0,181427.0,85667.0,95760.0,179476.0,84231.0,95245.0,167602.0,79123.0,88479.0,147298.0,70224.0,77074.0,224058.0,113706.0,110352.0,130575.0,62842.0,67733.0,106647.0,51906.0,54741.0,84886.0,41416.0,43470.0,64809.0,31582.0,33227.0,41845.0,20321.0,21524.0,29521.0,14369.0,15152.0,18674.0,8952.0,9722.0,11315.0,5262.0,6053.0,4337.0,1957.0,2380.0,1677.0,697.0,980.0,876.0,432.0,444.0,37553.0,2402598.0,1173671.0,1228927.0,48.8500781237644,4.35808140992171,4.72544282810417,4.38389622112801,24.0904879568443,3.82746212925559,3.5568229795122,3.56689908324111,3.50710864954395,3.29442791463791,2.92390210024308,4.73435310164957,2.61653929971912,2.16119933947393,1.72442938858036,10.6321047970618,1.31497317341474,0.846101255682381,0.59827906810197,0.372732564385054,0.337258017372535,1.90661160062629,51.1499218762356,4.25561326414964,4.5469875364426,4.30403685355757,24.0052161893978,4.02336323687754,3.95128994946126,3.98713922760419,3.50710864954395,3.68398174309933,3.20911412728034,4.59470330038198,2.82018485070295,2.27923964555431,1.80995135989927,10.8088593818555,1.31497317341474,0.896190316781043,0.630880676447982,0.404792894431579,0.403460517078996,24.0468713697922,10.7225149288719,41.4587459075551,1.56301636811485,1.96952331121992,52.4467295058555,95.5037199117604,39.399020551288
28,tamaulipas,43.9596928997831,30.0,30.0,31.0,,271340.0,137176.0,134164.0,305853.0,155866.0,149987.0,353.0,146.0,207.0,294950.0,149235.0,145715.0,284064.0,142117.0,141947.0,267261.0,131093.0,136168.0,256845.0,125288.0,131557.0,257220.0,125261.0,131959.0,248637.0,120639.0,127998.0,236202.0,115498.0,120704.0,294344.0,149315.0,145029.0,211394.0,102541.0,108853.0,167744.0,81176.0,86568.0,139900.0,66775.0,73125.0,100333.0,47520.0,52813.0,73616.0,33955.0,39661.0,50993.0,23565.0,27428.0,33702.0,14783.0,18919.0,17930.0,7663.0,10267.0,7113.0,2796.0,4317.0,2287.0,912.0,1375.0,5654.0,2820.0,2834.0,43621.0,3527735.0,1736140.0,1791595.0,49.2140140911945,3.89474290909266,4.42539510022626,4.23712572198084,24.3720144001108,4.03502929092204,3.72203251430049,3.55721518045724,3.5564485882068,3.42521935185477,3.27925450891107,4.23939710642657,2.91137540561958,2.3047737970819,1.89589620454498,11.4297994599958,1.34920236076342,0.964060735684387,0.669064680795246,0.419723453265271,0.326994183268358,2.79947809618396,50.7859859088055,3.80922528471094,4.2584767357707,4.13718480636873,23.6940541525671,4.03020259897487,3.86612346507647,3.73520654408573,3.5564485882068,3.63415832855633,3.42706485171693,4.1177076847466,3.09058763838765,2.45786510872408,2.07618734492478,12.752514170423,1.34920236076342,1.12606723127606,0.778744157218417,0.537154029109495,0.458990011870823,24.0276983976234,12.1015672268752,9.74843631962151,1.23651578137247,1.72706123323182,48.9745230661991,96.9047133978382,48.9052099910847
29,tlaxcala,336.026999841731,28.0,27.0,29.0,,110460.0,55685.0,54775.0,119718.0,60747.0,58971.0,197.0,57.0,140.0,121207.0,61532.0,59675.0,113937.0,56738.0,57199.0,104758.0,50890.0,53868.0,96512.0,45384.0,51128.0,94896.0,43586.0,51310.0,89448.0,41550.0,47898.0,80395.0,37282.0,43113.0,117738.0,59685.0,58053.0,70782.0,32540.0,38242.0,56315.0,26186.0,30129.0,46505.0,21684.0,24821.0,33958.0,15919.0,18039.0,24495.0,11325.0,13170.0,17367.0,8240.0,9127.0,11591.0,5335.0,6256.0,7325.0,3225.0,4100.0,3217.0,1353.0,1864.0,1231.0,532.0,699.0,20925.0,10419.0,10506.0,18094.0,1342977.0,649894.0,693083.0,48.3920424549341,4.21201284064469,4.59490246979695,4.65427986191163,26.4529496852887,4.29166175006732,3.84931908881043,3.43284530411814,3.29684460217904,3.14284158263064,2.82001010550266,4.51457280046473,2.461325273136,1.98070877696187,1.64017754218442,10.5821181437898,1.20411300009379,0.856622886240481,0.623273517229277,0.403539346409975,0.390831828097533,1.06573614378031,51.6079575450659,4.14318044978564,4.46056584763686,4.51381640056518,25.0143207286504,4.32653178543658,4.07457497889644,3.86732140641972,3.29684460217904,3.62300423886504,3.26106688693032,4.39112833685816,2.89262449585947,2.27895725735448,1.87746019067329,11.4589269782017,1.20411300009379,0.996178667707473,0.69036618831937,0.473203777158538,0.514578851663928,25.7101838656876,11.0348155745765,16.6123470468966,1.34730527775234,1.85447212477115,51.1339746557608,93.7685674010183,41.931385736787
30,veracruz de ignacio de la llave,112.255486051134,31.0,30.0,32.0,,600253.0,303113.0,297140.0,685468.0,347680.0,337788.0,2157.0,799.0,1358.0,681548.0,344153.0,337395.0,600394.0,292359.0,308035.0,580421.0,272684.0,307737.0,568121.0,263409.0,304712.0,558791.0,258605.0,300186.0,537667.0,247288.0,290379.0,516152.0,240159.0,275993.0,675182.0,342335.0,332847.0,488510.0,227672.0,260838.0,408710.0,192522.0,216188.0,347850.0,162999.0,184851.0,279233.0,130731.0,148502.0,203156.0,95435.0,107721.0,145737.0,68964.0,76773.0,95232.0,43082.0,52150.0,54398.0,23684.0,30714.0,21825.0,9066.0,12759.0,8304.0,3328.0,4976.0,3470.0,1707.0,1763.0,215435.0,8062579.0,3871774.0,4190805.0,48.0215325642081,3.76112297277528,4.31412455148578,4.27036040832802,23.4930299656311,3.6276839040147,3.38355021628321,3.26846305218108,3.20885348491998,3.06842853223601,2.979969621952,4.24780208333204,2.82502693535973,2.38887450213169,2.02254368317887,13.9038419748289,1.62215202697966,1.18418797909297,0.855727351497542,0.534575224134579,0.45758160114226,6.39816009684763,51.9784674357919,3.68700807992546,4.19138145420294,4.1865049846081,22.7538181760889,3.82219672174678,3.81849904251202,3.78096387578329,3.20885348491998,3.6031154312468,3.42460934577259,4.13007194715942,3.23656126254155,2.68252979330593,2.29369028263546,14.7958411493606,1.62215202697966,1.33663659344972,0.952623919095771,0.647093866083707,0.618021173308364,23.1087952774928,14.3674939748302,38.2753706971429,2.6720358336954,1.8131859643163,52.398998972044,92.3873575601824,59.0489177690074
31,yucatan,58.7206168951072,30.0,29.0,31.0,,175986.0,89335.0,86651.0,189137.0,95833.0,93304.0,205.0,81.0,124.0,196363.0,99417.0,96946.0,199525.0,100085.0,99440.0,190975.0,94526.0,96449.0,183035.0,89203.0,93832.0,174099.0,84877.0,89222.0,161231.0,77759.0,83472.0,146033.0,70247.0,75786.0,186122.0,93902.0,92220.0,122358.0,57886.0,64472.0,103183.0,48826.0,54357.0,86773.0,40883.0,45890.0,72318.0,34270.0,38048.0,53224.0,25378.0,27846.0,35612.0,17163.0,18449.0,22476.0,10519.0,11957.0,12224.0,5530.0,6694.0,4647.0,2023.0,2624.0,1556.0,640.0,916.0,3816.0,1896.0,1920.0,69599.0,2320898.0,1140279.0,1180619.0,49.1309398344951,3.85549583484745,4.13593476622752,4.29061207156242,25.8285656057759,4.31944143539158,4.07952761274741,3.84979901445007,3.66309867324506,3.35590194908941,3.0317010792022,4.05259718905071,2.49822837517188,2.10721933880631,1.76441748716705,11.9895500899082,1.47901541680441,1.09525687912642,0.740716124850135,0.453976164848719,0.357087060362991,1.84177754691811,50.8690601655049,3.73966048676741,4.02678886634137,4.1839693200327,24.8439168948137,4.29160469935893,4.16251992808196,4.04957614793089,3.66309867324506,3.60246206219719,3.27075174724071,3.98000588671441,2.78246518681687,2.34592474500255,1.98050824269491,12.9420657860913,1.47901541680441,1.20177015746529,0.796216965994298,0.516036980995925,0.447027770273128,25.327675067175,12.4740945723975,14.0483123342775,2.99879615562597,1.97081801705866,48.1912923908351,96.5831483315108,52.4331286451578
32,zacatecas,21.5493932344655,28.0,27.0,29.0,,151745.0,76563.0,75182.0,151355.0,76912.0,74443.0,239.0,102.0,137.0,141208.0,70860.0,70348.0,130238.0,63289.0,66949.0,117673.0,55905.0,61768.0,114442.0,53586.0,60856.0,104728.0,49653.0,55075.0,102682.0,48739.0,53943.0,95118.0,46099.0,49019.0,155704.0,78441.0,77263.0,86207.0,40965.0,45242.0,69401.0,32945.0,36456.0,58039.0,27708.0,30331.0,44719.0,21507.0,23212.0,35100.0,17080.0,18020.0,26357.0,13015.0,13342.0,18058.0,8641.0,9417.0,10975.0,5233.0,5742.0,4569.0,2160.0,2409.0,1723.0,738.0,985.0,1858.0,917.0,941.0,15951.0,1622138.0,791058.0,831080.0,48.766381158693,4.72529439356161,4.74683388056385,4.37331819191745,24.0531753193417,3.90605327474264,3.45032957266645,3.30720616189794,3.06447033846002,3.0080603352507,2.84512553385835,4.84120028637026,2.52826671933246,2.03329054237539,1.71007480188609,12.173017220977,1.32736317179747,1.05413879082628,0.803256227318735,0.533302885920952,0.508122052978498,1.28726783615766,51.233618841307,4.64006221146962,4.59445281062532,4.34171871528378,23.9797190590973,4.13194015849113,3.81218061075863,3.75589404300491,3.06447033846002,3.32923939072259,3.02534129903473,4.7684968030217,2.79223344113363,2.24998148468166,1.87196040190584,12.479235405155,1.32736317179747,1.1121534549584,0.823437924309379,0.581195842693855,0.572308489890636,24.0155405238601,12.3299059421828,36.7440378068944,0.983331874353477,1.69814035678223,58.8921054076741,95.184338451172,43.5434303101106
